Lot URL,Lot/Inv #,Est. Retail value,Sale date,Year,Make,Model,Engine type,Cylinders,VIN,Title code,Odometer,Odometer description,Damage description,Current bid,My bid,Item number,Sale name,Auto grade,Sale light,Announcements
https://www.copart.com/lot/99826725/clean-title-2017-jeep-grand-cherokee-limited-wy-casper,99826725,"17,017 USD",03/18/2026 10:00 pm GMT+4,2017,JEP,GRAND CHEROKEE,3.6L 6,6,1C4RJFBG8HC817972,CERTIFICATE OF TITLE,"77,156 A",ACTUAL,SIDE,90 USD,0 USD,0,WY - CASPER,0,N/A,N/A
https://www.copart.com/lot/99601695/salvage-2003-ford-econoline-e350-super-duty-wagon-wy-casper,99601695,"7,914 USD",03/18/2026 10:00 pm GMT+4,2003,FORD,ECONOLINE,5.4L 8,8,1FBNE31L13HA21483,SALVAGE CERTIFICATE,"135,224 A",ACTUAL,SIDE,0 USD,0 USD,0,WY - CASPER,0,N/A,N/A
https://www.copart.com/lot/98420055/salvage-2024-subaru-crosstrek-premium-wy-casper,98420055,"27,773 USD",03/18/2026 10:00 pm GMT+4,2024,SUBA,CROSSTREK,2.0L 4,4,JF2GUADC1R8251705,CERT OF TITLE-SALVAGE,"18,559 A",ACTUAL,SIDE,0 USD,0 USD,0,WY - CASPER,0,N/A,N/A
https://www.copart.com/lot/98289405/salvage-2018-buick-enclave-premium-wy-casper,98289405,"17,496 USD",03/18/2026 10:00 pm GMT+4,2018,BUIC,ENCLAVE,3.6L  6,6,5GAEVBKW7JJ143027,CERT OF TITLE-SALVAGE,"89,047 A",ACTUAL,REAR END,0 USD,0 USD,0,WY - CASPER,0,N/A,N/A
https://www.copart.com/lot/97835925/clean-title-2006-toyota-tacoma-v6-wy-casper,97835925,"10,274 USD",03/18/2026 10:00 pm GMT+4,2006,TOYT,TACOMA,4.0L 6,6,5TEMU52N06Z156172,CERTIFICATE OF TITLE,"193,313 E",EXEMPT,FRONT END,80 USD,0 USD,0,WY - CASPER,0,N/A,N/A
https://www.copart.com/lot/97226535/salvage-2018-honda-civic-ex-wy-casper,97226535,"16,438 USD",03/18/2026 10:00 pm GMT+4,2018,HOND,CIVIC,2.0L 4,4,2HGFC2F72JH509913,CERT OF TITLE-SALVAGE,"59,239 A",ACTUAL,FRONT END,80 USD,0 USD,0,WY - CASPER,0,N/A,N/A
https://www.copart.com/lot/97126695/clean-title-2011-subaru-outback-3-6r-limited-wy-casper,97126695,"9,027 USD",03/18/2026 10:00 pm GMT+4,2011,SUBA,OUTBACK,3.6L 6,6,4S4BRDKC9B2401241,CERTIFICATE OF TITLE,"109,220 A",ACTUAL,REAR END,80 USD,0 USD,0,WY - CASPER,0,N/A,N/A
https://www.copart.com/lot/96010515/clean-title-2016-subaru-forester-2-0xt-premium-wy-casper,96010515,"10,493 USD",03/18/2026 10:00 pm GMT+4,2016,SUBA,FORESTER,2.0L  4,4,JF2SJGDC7GH475614,CERTIFICATE OF TITLE,"190,497 A",ACTUAL,FRONT END,80 USD,0 USD,0,WY - CASPER,0,N/A,N/A
https://www.copart.com/lot/94583405/salvage-2019-gmc-terrain-sle-wy-casper,94583405,"14,686 USD",03/18/2026 10:00 pm GMT+4,2019,GMC,TERRAIN,1.5L  4,4,3GKALTEV7KL400293,CERT OF TITLE-SALVAGE,"107,626 A",ACTUAL,FRONT END,0 USD,0 USD,0,WY - CASPER,0,N/A,N/A
https://www.copart.com/lot/94375175/salvage-2023-nissan-altima-sv-wy-casper,94375175,"21,655 USD",03/18/2026 10:00 pm GMT+4,2023,NISS,ALTIMA,2.5L  4,4,1N4BL4DV6PN421513,CERT OF TITLE-SALVAGE,"33,103 A",ACTUAL,FRONT END,80 USD,0 USD,0,WY - CASPER,0,N/A,N/A
https://www.copart.com/lot/93252805/salvage-2017-chevrolet-suburban-k1500-lt-wy-casper,93252805,"17,228 USD",03/18/2026 10:00 pm GMT+4,2017,CHEV,SUBURBAN,5.3L  8,8,1GNSKHKC3HR132080,CERT OF TITLE-SALVAGE,"151,107 A",ACTUAL,NORMAL WEAR,80 USD,0 USD,0,WY - CASPER,0,N/A,N/A
https://www.copart.com/lot/91222555/salvage-2024-ford-edge-titanium-wy-casper,91222555,"31,494 USD",03/18/2026 10:00 pm GMT+4,2024,FORD,EDGE,2.0L  4,4,2FMPK4K93RBA49034,CERT OF TITLE-SALVAGE,0 N,NOT ACTUAL,ROLLOVER,0 USD,0 USD,0,WY - CASPER,0,N/A,N/A
https://www.copart.com/lot/90596975/salvage-2007-chevrolet-tahoe-k1500-wy-casper,90596975,"9,223 USD",03/18/2026 10:00 pm GMT+4,2007,CHEV,TAHOE,5.3L 8,8,1GNFK13007R169938,SALVAGE TITLE CERTIFICATE,"120,870 A",ACTUAL,FRONT END,"2,100 USD",0 USD,0,WY - CASPER,0,N/A,N/A
https://www.copart.com/lot/86633395/salvage-2021-chevrolet-silverado-k2500-heavy-duty-ltz-wy-casper,86633395,"40,059 USD",03/18/2026 10:00 pm GMT+4,2021,CHEV,SILVERADO,6.6L 8,8,1GC4YPE70MF238670,CERT OF TITLE-SALVAGE,"113,365 A",ACTUAL,REAR END,80 USD,0 USD,0,WY - CASPER,0,N/A,N/A
https://www.copart.com/lot/86285685/salvage-2019-ford-taurus-sho-wy-casper,86285685,"20,105 USD",03/18/2026 10:00 pm GMT+4,2019,FORD,TAURUS,3.5L  6,6,1FAHP2KT7KG118287,CERT OF TITLE-SALVAGE,"73,243 A",ACTUAL,FRONT END,0 USD,0 USD,0,WY - CASPER,0,N/A,N/A
https://www.copart.com/lot/85400545/salvage-2017-ram-1500-sport-wy-casper,85400545,"27,612 USD",03/18/2026 10:00 pm GMT+4,2017,RAM,1500,5.7L 8,8,1C6RR7MT3HS659272,CERT OF TITLE-SALVAGE,"90,386 A",ACTUAL,FRONT END,350 USD,0 USD,0,WY - CASPER,0,N/A,N/A
https://www.copart.com/lot/85008865/clean-title-2014-harley-davidson-flhxs-street-glide-special-wy-casper,85008865,"13,694 USD",03/18/2026 10:00 pm GMT+4,2014,HARL,FLHXS,2,2,1HD1KRM15EB684978,CERTIFICATE OF TITLE,"20,629 A",ACTUAL,FRONT END,"3,600 USD",0 USD,0,WY - CASPER,0,N/A,N/A
https://www.copart.com/lot/80960655/salvage-2023-subaru-crosstrek-limited-wy-casper,80960655,"23,037 USD",03/18/2026 10:00 pm GMT+4,2023,SUBA,CROSSTREK,2.5L 4,4,JF2GTHMC4PH309766,CERTIFICATE OF SALVAGE,"48,236 A",ACTUAL,FRONT END,0 USD,0 USD,0,WY - CASPER,0,N/A,N/A
"https://www.copart.com/lot/77392385/clean-title-2022-ski-doo-summit-850-x-165""-wy-casper",77392385,"9,014 USD",03/18/2026 10:00 pm GMT+4,2022,SKID,"SUMMIT 850 X 165""",,,2BPSTJNB2NV000635,CERTIFICATE OF TITLE,"14,372 A",ACTUAL,SIDE,600 USD,0 USD,0,WY - CASPER,0,N/A,N/A
https://www.copart.com/lot/76938995/salvage-2005-fleetwood-bounder-34f-wy-casper,76938995,"25,762 USD",03/18/2026 10:00 pm GMT+4,2005,WRKH,BOUNDER 34F,8,8,5B4MP67G243392265,SALVAGE CERTIFICATE,0 E,EXEMPT,TOP/ROOF,100 USD,0 USD,0,WY - CASPER,0,N/A,N/A
https://www.copart.com/lot/76721665/clean-title-2013-ford-fusion-se-wy-casper,76721665,"4,207 USD",03/18/2026 10:00 pm GMT+4,2013,FORD,FUSION,2.0L 4,4,3FA6P0H97DR220305,CERTIFICATE OF TITLE,"276,321 A",ACTUAL,FRONT END,0 USD,0 USD,0,WY - CASPER,0,N/A,N/A
https://www.copart.com/lot/76655845/clean-title-2014-toyota-tacoma-v6-wy-casper,76655845,"15,384 USD",03/18/2026 10:00 pm GMT+4,2014,TOYT,TACOMA,4.0L 6,6,3TMLU4EN6EM162443,CERTIFICATE OF TITLE,"191,559 A",ACTUAL,FRONT END,0 USD,0 USD,0,WY - CASPER,0,N/A,N/A
https://www.copart.com/lot/76467325/clean-title-2016-toyota-highlander-xle-wy-casper,76467325,"20,214 USD",03/18/2026 10:00 pm GMT+4,2016,TOYT,HIGHLANDER,3.5L 6,6,5TDJKRFH6GS269675,CERTIFICATE OF TITLE,"68,500 A",ACTUAL,FRONT END,90 USD,0 USD,0,WY - CASPER,0,N/A,N/A
https://www.copart.com/lot/76423145/salvage-2021-toyota-tacoma-trd-off-road-wy-casper,76423145,"35,993 USD",03/18/2026 10:00 pm GMT+4,2021,TOYT,TACOMA,3.5L 6,6,3TMDZ5BNXMM111252,CERT OF TITLE-SALVAGE,"44,675 A",ACTUAL,REAR END,0 USD,0 USD,0,WY - CASPER,0,N/A,N/A
https://www.copart.com/lot/76258285/clean-title-2015-subaru-outback-2-5i-limited-wy-casper,76258285,"13,804 USD",03/18/2026 10:00 pm GMT+4,2015,SUBA,OUTBACK,2.5L 4,4,4S4BSBLC8F3236838,CERTIFICATE OF TITLE,"50,147 A",ACTUAL,FRONT END,80 USD,0 USD,0,WY - CASPER,0,N/A,N/A
https://www.copart.com/lot/76196915/clean-title-2011-honda-pilot-touring-wy-casper,76196915,"6,130 USD",03/18/2026 10:00 pm GMT+4,2011,HOND,PILOT,3.5L 6,6,5FNYF4H94BB065238,CERTIFICATE OF TITLE,"195,516 A",ACTUAL,SIDE,0 USD,0 USD,0,WY - CASPER,0,N/A,N/A
https://www.copart.com/lot/76156355/clean-title-2005-toyota-camry-xle-v6-wy-casper,76156355,"4,606 USD",03/18/2026 10:00 pm GMT+4,2005,TOYT,CAMRY,3.0L 6,6,4T1BF30K45U621084,CERTIFICATE OF TITLE,"195,856 E",EXEMPT,SIDE,0 USD,0 USD,0,WY - CASPER,0,N/A,N/A
https://www.copart.com/lot/75644595/salvage-2024-toyota-highlander-xle-wy-casper,75644595,"47,544 USD",03/18/2026 10:00 pm GMT+4,2024,TOYT,HIGHLANDER,2.4L 4,4,5TDKDRBH8RS528822,CERT OF TITLE-SALVAGE,"7,375 A",ACTUAL,FRONT END,90 USD,0 USD,0,WY - CASPER,0,N/A,N/A
https://www.copart.com/lot/75603845/clean-title-2016-dodge-durango-citadel-wy-casper,75603845,"17,092 USD",03/18/2026 10:00 pm GMT+4,2016,DODG,DURANGO,3.6L 6,6,1C4RDJEG5GC403407,CERTIFICATE OF TITLE,"94,988 A",ACTUAL,FRONT END,0 USD,0 USD,0,WY - CASPER,0,N/A,N/A
https://www.copart.com/lot/75431675/clean-title-2011-toyota-sequoia-limited-wy-casper,75431675,"12,214 USD",03/18/2026 10:00 pm GMT+4,2011,TOYT,SEQUOIA,5.7L 8,8,5TDJY5G18BS054624,CERTIFICATE OF TITLE,"177,712 A",ACTUAL,FRONT END,80 USD,0 USD,0,WY - CASPER,0,N/A,N/A
https://www.copart.com/lot/75037285/salvage-2021-gmc-sierra-k1500-slt-wy-casper,75037285,"37,783 USD",03/18/2026 10:00 pm GMT+4,2021,GMC,SIERRA,5.3L 8,8,3GTU9DED9MG229921,CERT OF TITLE-SALVAGE,"79,114 A",ACTUAL,FRONT END,175 USD,0 USD,0,WY - CASPER,0,N/A,N/A
https://www.copart.com/lot/75011525/salvage-2025-subaru-outback-limited-wy-casper,75011525,"30,662 USD",03/18/2026 10:00 pm GMT+4,2025,SUBA,OUTBACK,2.5L 4,4,4S4BTANC9S3190242,CERT OF TITLE-SALVAGE,"7,022 A",ACTUAL,ROLLOVER,0 USD,0 USD,0,WY - CASPER,0,N/A,N/A
https://www.copart.com/lot/74907685/clean-title-2014-jeep-grand-cherokee-limited-wy-casper,74907685,"8,246 USD",03/18/2026 10:00 pm GMT+4,2014,JEP,GRAND CHEROKEE,3.6L 6,6,1C4RJFBG8EC173143,CERTIFICATE OF TITLE,"191,052 A",ACTUAL,FRONT END,0 USD,0 USD,0,WY - CASPER,0,N/A,N/A
https://www.copart.com/lot/74593695/clean-title-2014-audi-a4-premium-plus-wy-casper,74593695,"7,403 USD",03/18/2026 10:00 pm GMT+4,2014,AUDI,A4,2.0L  4,4,WAUFFAFL5EN037150,CERTIFICATE OF TITLE - REBUILT,"75,247 A",ACTUAL,FRONT END,0 USD,0 USD,0,WY - CASPER,0,N/A,N/A
https://www.copart.com/lot/74470475/salvage-2024-forest-river-enclosed-cargo-trail-wy-casper,74470475,"15,363 USD",03/18/2026 10:00 pm GMT+4,2024,FORE,ENCLOSED CARGO TRAIL,,,5NHULTZ29RM135298,CERT OF TITLE-SALVAGE,0 N,NOT ACTUAL,SIDE,0 USD,0 USD,0,WY - CASPER,0,N/A,N/A
https://www.copart.com/lot/74464185/clean-title-2007-chevrolet-avalanche-k1500-wy-casper,74464185,"8,853 USD",03/18/2026 10:00 pm GMT+4,2007,CHEV,AVALANCHE,5.3L  8,8,3GNFK12377G147608,CERTIFICATE OF TITLE,"166,256 E",EXEMPT,FRONT END,0 USD,0 USD,0,WY - CASPER,0,N/A,N/A
https://www.copart.com/lot/74061005/clean-title-2015-ford-f350-super-duty-wy-casper,74061005,"33,540 USD",03/18/2026 10:00 pm GMT+4,2015,FORD,F350,6.7L  8,8,1FT8W3BT5FED07346,CERTIFICATE OF TITLE,0 N,NOT ACTUAL,BURN,80 USD,0 USD,0,WY - CASPER,0,N/A,N/A
https://www.copart.com/lot/74040245/salvage-2020-jeep-cherokee-trailhawk-wy-casper,74040245,"22,999 USD",03/18/2026 10:00 pm GMT+4,2020,JEP,CHEROKEE,2.0L 4,4,1C4PJMBN8LD550183,CERT OF TITLE-SALVAGE,0 N,NOT ACTUAL,BURN,0 USD,0 USD,0,WY - CASPER,0,N/A,N/A
https://www.copart.com/lot/73690835/salvage-2020-ford-ranger-xl-wy-casper,73690835,"19,120 USD",03/18/2026 10:00 pm GMT+4,2020,FORD,RANGER,2.3L 4,4,1FTER4FHXLLA65523,CERT OF TITLE-SALVAGE,"52,983 A",ACTUAL,FRONT END,80 USD,0 USD,0,WY - CASPER,0,N/A,N/A
https://www.copart.com/lot/73319765/salvage-2024-ford-f150-xlt-wy-casper,73319765,"49,218 USD",03/18/2026 10:00 pm GMT+4,2024,FORD,F150,3.5L 6,6,1FTFW3L84RKF68426,PUBLIC - SALVAGE TITLE,"8,698 A",ACTUAL,REAR END,0 USD,0 USD,0,WY - CASPER,0,N/A,N/A
https://www.copart.com/lot/72857295/clean-title-2016-ford-escape-titanium-wy-casper,72857295,"6,879 USD",03/18/2026 10:00 pm GMT+4,2016,FORD,ESCAPE,1.6L 4,4,1FMCU0JX4GUC34427,CERTIFICATE OF TITLE,"159,317 A",ACTUAL,FRONT END,0 USD,0 USD,0,WY - CASPER,0,N/A,N/A
https://www.copart.com/lot/72411015/clean-title-2011-eclipse-rv-stellar-toy-hauler-s-wy-casper,72411015,"17,623 USD",03/18/2026 10:00 pm GMT+4,2011,ECLI,STELLAR TOY HAULER S,,,5LZBT2620BR041704,CERTIFICATE OF TITLE,0 N,NOT ACTUAL,FRONT END,100 USD,0 USD,0,WY - CASPER,0,N/A,N/A
https://www.copart.com/lot/72260995/clean-title-2014-ford-f150-supercrew-wy-casper,72260995,"18,753 USD",03/18/2026 10:00 pm GMT+4,2014,FORD,F150,3.5L  6,6,1FTFW1ET3EKG37350,CERTIFICATE OF TITLE,"126,273 A",ACTUAL,FRONT END,0 USD,0 USD,0,WY - CASPER,0,N/A,N/A
https://www.copart.com/lot/70622635/salvage-2018-ford-explorer-limited-wy-casper,70622635,"17,505 USD",03/18/2026 10:00 pm GMT+4,2018,FORD,EXPLORER,3.5L  6,6,1FM5K8F89JGA44594,CERT OF TITLE-SALVAGE,"95,480 A",ACTUAL,FRONT END,0 USD,0 USD,0,WY - CASPER,0,N/A,N/A
https://www.copart.com/lot/70101105/salvage-2025-chevrolet-trailblazer-lt-wy-casper,70101105,"25,137 USD",03/18/2026 10:00 pm GMT+4,2025,CHEV,TRAILBLAZER,1.3L 3,3,KL79MPSL0SB060439,CERT OF TITLE-SALVAGE,"9,327 A",ACTUAL,REAR END,0 USD,0 USD,0,WY - CASPER,0,N/A,N/A
https://www.copart.com/lot/69286475/salvage-2018-jeep-renegade-latitude-wy-casper,69286475,"17,585 USD",03/18/2026 10:00 pm GMT+4,2018,JEP,RENEGADE LATITUDE,2.4L  4,4,ZACCJBBB6JPH04137,CERT OF TITLE-SALVAGE,"19,779 A",ACTUAL,HAIL,80 USD,0 USD,0,WY - CASPER,0,N/A,N/A